loss,p,w,Jbar,wbar
1.2675619237348439,0.0,0.06823481257691259,0.6654058271968218,1
