loss,p,w,Jbar,wbar
6.573338090651302,0.0,0.6408127254483305,0.4502966166569208,1
