loss,p,w,Jbar,wbar
1.5984826617360617,0.2711799876818504,0.0,0.6720604825406344,1
