loss,p,w,Jbar,wbar
5.336548296263737,0.7928481032789306,0.0,0.45029327966617183,1
