loss,l1,b,a,mu,sigma,l2,muV,sigmaV,e,k1,xi1,k2,xi2,l32
0.5026757209610502,32.527973287118826,77.91600972828832,3.0,0.364155489109823,0.3089365427567022,31.95213236947445,-0.0002828304076427,0.0643409246041853,0.7412025843796162,0.0,-0.08208328324867989,1.0,1.0000000000000045e-05,0.1000105525856588
