loss,mu,sigma,l2,muV,sigmaV,eta,l1,b,a
-6591.696866315997,0.19572411480985907,0.17992698023227366,38.625527677065634,-0.0010158901158166065,0.037561205933036246,0.1952719297775774,19.416061487552568,42.10097587466609,3
-6589.972531857756,0.2621674010767041,0.1878026599797129,31.770350818407778,-0.001806687295719327,0.040534098983079275,0.2545952495196684,36.021645282956,27.384917238641577,1
-6589.235362533309,0.3382881431899353,0.17936075183670053,41.38580062502865,-0.0007545381827081493,0.037029225061910434,0.15410724881476534,20.524239913109277,39.72217160801442,4
-6588.285095187985,0.29631885133944363,0.18577758197546193,39.40216910150794,-0.00202106634914805,0.037690749169231874,0.26152113982736874,15.261291470895728,35.56624573713505,2
