loss,mu,sigma,l2,muV,sigmaV,eta,l1,b,a
-2345.5898960201607,0.3661112770924638,0.12950906467081397,46.83722661129383,-0.002151591530559517,0.026206548572265495,0.4279795494185642,13.280156521950683,58.29743433255618,2
-2343.5235518283635,0.4813894965894865,0.13704528865045854,29.64133578455634,-0.0019066496319094248,0.029101335328429408,0.4635620027018974,25.731238756502233,30.970550542647516,1
-2342.4303292817694,0.3064619222469147,0.14272226879646366,23.230356148037465,-0.0026531704924074957,0.03396213186984389,0.4872232405593502,6.043929237003692,45.54618473501601,4
-2340.8391295271967,0.4627866624253415,0.14277631903084048,32.39804320722196,-0.0026741026203253686,0.028352241512742946,0.46727430148421867,9.482961605263888,38.19625037225575,3
