loss,mu,sigma,l2,muV,sigmaV,eta,l1,b,a
-1334.3358849720569,0.14165602817691114,0.37336016190262766,78.2550258231025,-0.002210001010993553,0.035939911342327685,0.37601585095625834,0.2635330492805852,0.19468751740455625,1
-1331.305193655177,0.07191508013230974,0.41972228478292706,33.65932782845242,-0.001247047817256272,0.050614481231761516,0.7447655996965328,0.5196557013450473,1.0985415302151371,2
-1331.1529305130116,0.1584707303137577,0.42556956517452704,33.76492264817276,-0.0014956353467790971,0.048065044812460544,0.7084759916833943,0.6190673636409632,0.9205718493676958,3
-1331.1519215888454,0.1584707303137577,0.42556956517452704,33.76492264817276,-0.0014956353467790971,0.048065044812460544,0.7084759916833943,0.6190673636409632,0.9205718493676958,4
