loss,l1,b,a,mu,sigma,l2,muV,sigmaV,e
-6371.088843808681,31.868022579703997,76.32798357256033,3.0,0.465593,0.224503,26.0084,-0.00140472,0.0514438,0.539438
