loss,l1,b,a,mu,sigma,l2,muV,sigmaV,e
-1730.869966167464,19.178479134512585,17.359436822925986,1.0,0.08905017792548114,0.2895350706135936,55.99739277128934,-0.0021010414659725744,0.04185476324317855,0.8661705699995816
